Func#,,Status
mxs40srom_func_,20,PASS
mxs40srom_func_,22,PASS
mxs40srom_func_,24,PASS
mxs40srom_func_,28,PASS
mxs40srom_func_,38,FAIL
mxs40srom_func_,43,PASS
mxs40srom_func_,94,PASS
mxs40srom_func_,95,PASS
mxs40srom_func_,96,PASS
mxs40srom_func_,112,PASS
mxs40srom_func_,113,PASS
mxs40srom_func_,115,PASS
mxs40srom_func_,120,PASS
mxs40srom_func_,146,PASS
mxs40srom_func_,147,PASS
mxs40srom_func_,160,FAIL
mxs40srom_func_,173,PASS
mxs40srom_func_,177,PASS
mxs40srom_func_,180,FAIL
mxs40srom_func_,182,PASS
mxs40srom_func_,185,PASS
mxs40srom_func_,186,PASS
mxs40srom_func_,187,PASS
mxs40srom_func_,188,PASS
mxs40srom_func_,189,PASS
mxs40srom_func_,192,FAIL
